Scaffold ID,scaffold position,LG,genetic position
HiC_scaffold_2,195645,1,0
HiC_scaffold_2,1442346,1,5.52
HiC_scaffold_3,1133804,1,5.52
HiC_scaffold_1,626867,1,5.52
HiC_scaffold_2,2981918,1,10.45
HiC_scaffold_3,2751752,1,10.45
HiC_scaffold_1,2309655,1,10.45
HiC_scaffold_1,4986338,1,12
HiC_scaffold_3,5149275,1,12
HiC_scaffold_2,5624245,1,12
HiC_scaffold_1,5772874,1,12.53
HiC_scaffold_2,6418746,1,12.53
HiC_scaffold_3,6003765,1,12.53
HiC_scaffold_1,5832277,1,12.57
HiC_scaffold_2,6478696,1,12.57
HiC_scaffold_1,6176406,1,13.53
HiC_scaffold_3,6116882,1,13.53
HiC_scaffold_2,6909664,1,13.53
HiC_scaffold_1,7765120,1,17.84
HiC_scaffold_2,8131293,1,17.84
HiC_scaffold_3,7405644,1,17.84
HiC_scaffold_3,7701669,1,18.29
HiC_scaffold_1,8139720,1,18.29
HiC_scaffold_2,8475334,1,18.29
HiC_scaffold_3,7877916,1,18.52
HiC_scaffold_2,8636625,1,18.52
HiC_scaffold_1,8284818,1,18.52
HiC_scaffold_3,8505391,1,22.35
HiC_scaffold_2,9361495,1,22.35
HiC_scaffold_1,8915838,1,22.35
HiC_scaffold_1,9183600,1,23.56
HiC_scaffold_2,9618381,1,24.32
HiC_scaffold_1,9268757,1,24.32
HiC_scaffold_2,9772543,1,25.57
HiC_scaffold_3,8949881,1,25.57
HiC_scaffold_1,9459687,1,25.57
HiC_scaffold_3,9976252,1,29.89
HiC_scaffold_2,10975685,1,29.89
HiC_scaffold_1,10471326,1,29.89
HiC_scaffold_2,11638031,1,32.72
HiC_scaffold_1,11307929,1,32.72
HiC_scaffold_3,10669077,1,32.72
HiC_scaffold_3,10883184,1,33.25
HiC_scaffold_1,11507854,1,33.25
HiC_scaffold_2,11791211,1,33.25
HiC_scaffold_1,11650698,1,33.53
HiC_scaffold_3,11017255,1,33.53
HiC_scaffold_2,11938715,1,33.53
HiC_scaffold_3,11039372,1,33.66
HiC_scaffold_1,11683253,1,33.66
HiC_scaffold_2,11961014,1,33.66
HiC_scaffold_2,11987348,1,33.74
HiC_scaffold_1,11713412,1,33.74
HiC_scaffold_3,11063890,1,33.74
HiC_scaffold_1,12493910,1,41.57
HiC_scaffold_3,17030477,1,46.68
HiC_scaffold_2,19182415,1,46.68
HiC_scaffold_1,19013382,1,46.68
HiC_scaffold_2,22690602,1,50.11
HiC_scaffold_3,20871989,1,50.11
HiC_scaffold_1,24903767,1,51.02
HiC_scaffold_2,24033680,1,51.02
HiC_scaffold_3,22537950,1,51.02
HiC_scaffold_1,25755975,1,51.48
HiC_scaffold_2,24553003,1,51.48
HiC_scaffold_3,23832179,1,51.48
HiC_scaffold_2,25119492,1,51.95
HiC_scaffold_1,26342969,1,51.95
HiC_scaffold_3,24393033,1,51.95
HiC_scaffold_3,24893506,1,52.32
HiC_scaffold_2,25638175,1,52.32
HiC_scaffold_1,26904269,1,52.32
HiC_scaffold_1,27519211,1,52.73
HiC_scaffold_3,25335036,1,52.73
HiC_scaffold_2,26058105,1,52.73
HiC_scaffold_1,27938044,1,53.27
HiC_scaffold_2,26453432,1,53.27
HiC_scaffold_3,25893040,1,53.27
HiC_scaffold_3,26352604,1,53.66
HiC_scaffold_1,28423207,1,53.66
HiC_scaffold_2,27115792,1,53.66
HiC_scaffold_2,29799348,1,67.04
HiC_scaffold_1,29066110,1,67.04
HiC_scaffold_3,26947066,1,67.04
HiC_scaffold_2,29702469,1,67.32
HiC_scaffold_3,27013926,1,67.32
HiC_scaffold_1,29243928,1,67.32
HiC_scaffold_1,29197760,1,67.32
HiC_scaffold_3,27351146,1,68.52
HiC_scaffold_1,29558164,1,68.52
HiC_scaffold_2,29397156,1,68.52
HiC_scaffold_2,29205328,1,69.43
HiC_scaffold_1,29739956,1,69.43
HiC_scaffold_3,28498038,1,74.61
HiC_scaffold_1,30714277,1,74.61
HiC_scaffold_2,28162987,1,74.61
HiC_scaffold_2,29964110,1,75.32
HiC_scaffold_3,28817830,1,75.32
HiC_scaffold_1,31060807,1,75.32
HiC_scaffold_2,30456961,1,76.17
HiC_scaffold_3,29244862,1,76.17
HiC_scaffold_1,31475533,1,76.17
HiC_scaffold_1,31830738,1,77.14
HiC_scaffold_3,29597469,1,77.14
HiC_scaffold_2,30936350,1,77.14
HiC_scaffold_3,30064934,1,78.2
HiC_scaffold_1,32447876,1,78.2
HiC_scaffold_2,31466620,1,78.2
HiC_scaffold_3,30540988,1,79.71
HiC_scaffold_2,31897229,1,79.71
HiC_scaffold_1,32946153,1,79.71
HiC_scaffold_3,32254947,1,85.35
HiC_scaffold_1,34675155,1,85.35
HiC_scaffold_2,33585560,1,85.35
HiC_scaffold_3,32550557,1,86.3
HiC_scaffold_1,34972113,1,86.3
HiC_scaffold_2,33923166,1,86.3
HiC_scaffold_3,32675564,1,86.3
HiC_scaffold_1,36558545,1,91.42
HiC_scaffold_3,33824832,1,91.42
HiC_scaffold_2,35647647,1,92.42
HiC_scaffold_1,37168354,1,92.42
HiC_scaffold_3,34380325,1,92.42
HiC_scaffold_1,37293510,1,92.42
HiC_scaffold_2,35766766,1,92.42
HiC_scaffold_3,34486853,1,92.42
HiC_scaffold_3,34639188,1,92.79
HiC_scaffold_1,37445171,1,92.79
HiC_scaffold_2,35939917,1,92.79
HiC_scaffold_2,36002253,1,92.9
HiC_scaffold_3,34689564,1,92.9
HiC_scaffold_1,37492605,1,92.9
HiC_scaffold_1,37585931,1,93.12
HiC_scaffold_3,34786276,1,93.12
HiC_scaffold_2,36078119,1,93.12
HiC_scaffold_2,36283451,1,94.18
HiC_scaffold_1,37854560,1,94.18
HiC_scaffold_3,35033214,1,94.18
HiC_scaffold_3,35264806,1,95.27
HiC_scaffold_1,38091555,1,95.27
HiC_scaffold_2,36491652,1,95.27
HiC_scaffold_1,38461193,1,96.35
HiC_scaffold_2,36787684,1,96.35
HiC_scaffold_3,35586937,1,96.35
HiC_scaffold_1,38616523,1,99.07
HiC_scaffold_2,37094626,1,101.67
HiC_scaffold_1,38814772,1,101.67
HiC_scaffold_3,37066558,1,103.47
HiC_scaffold_1,40113453,1,103.47
HiC_scaffold_1,40489059,1,105.04
HiC_scaffold_2,38567104,1,105.04
HiC_scaffold_3,37446528,1,105.04
HiC_scaffold_3,38561794,1,110.84
HiC_scaffold_1,41672953,1,110.84
HiC_scaffold_2,39754051,1,110.84
HiC_scaffold_1,41784109,1,111.37
HiC_scaffold_2,39880237,1,111.37
HiC_scaffold_3,38689163,1,111.37
HiC_scaffold_2,39933520,1,111.37
HiC_scaffold_1,41851565,1,111.37
HiC_scaffold_3,38746373,1,111.37
HiC_scaffold_1,41865701,1,111.37
HiC_scaffold_3,38762812,1,111.37
HiC_scaffold_2,39944944,1,111.37
HiC_scaffold_3,39597969,1,114
HiC_scaffold_1,42963238,1,114
HiC_scaffold_2,40949053,1,114
HiC_scaffold_2,41012555,1,114.18
HiC_scaffold_3,39656359,1,114.18
HiC_scaffold_1,43009991,1,114.18
HiC_scaffold_1,45310097,1,121.65
HiC_scaffold_2,43307253,1,121.65
HiC_scaffold_1,45722081,1,122.41
HiC_scaffold_2,43802823,1,122.41
HiC_scaffold_3,47019505,1,141.09
HiC_scaffold_1,51272902,1,141.09
HiC_scaffold_2,49556906,1,141.09
HiC_scaffold_2,51230985,1,136.6
HiC_scaffold_2,48780253,1,134.33
HiC_scaffold_3,45692630,1,134.33
HiC_scaffold_1,50633588,1,134.33
HiC_scaffold_2,48635008,1,132.78
HiC_scaffold_2,48515166,1,132.78
HiC_scaffold_3,45426653,1,132.78
HiC_scaffold_1,50325963,1,132.78
HiC_scaffold_3,44488858,1,127.51
HiC_scaffold_2,47528826,1,127.51
HiC_scaffold_1,49294621,1,127.51
HiC_scaffold_6,7704124,2,7.38
HiC_scaffold_4,8422360,2,7.38
HiC_scaffold_5,7566481,2,7.38
HiC_scaffold_4,17320757,2,18.22
HiC_scaffold_6,18875883,2,18.22
HiC_scaffold_5,17877970,2,18.22
HiC_scaffold_5,23290353,2,34.2
HiC_scaffold_4,22718263,2,34.2
HiC_scaffold_6,25179047,2,42.98
HiC_scaffold_5,24301259,2,42.98
HiC_scaffold_4,23634757,2,42.98
HiC_scaffold_4,24151078,2,43.54
HiC_scaffold_5,24810608,2,43.54
HiC_scaffold_6,25673749,2,43.54
HiC_scaffold_6,26884238,2,44.52
HiC_scaffold_5,26218073,2,44.52
HiC_scaffold_4,25306416,2,44.52
HiC_scaffold_6,28926213,2,46.72
HiC_scaffold_5,28580082,2,46.72
HiC_scaffold_4,27794527,2,46.72
HiC_scaffold_4,28764976,2,53.18
HiC_scaffold_5,29633221,2,53.18
HiC_scaffold_6,29801766,2,53.18
HiC_scaffold_5,29819840,2,53.69
HiC_scaffold_6,30021991,2,53.69
HiC_scaffold_4,28961753,2,53.69
HiC_scaffold_6,30409264,2,54.45
HiC_scaffold_5,30177453,2,54.45
HiC_scaffold_4,29201032,2,54.45
HiC_scaffold_5,30632950,2,57.35
HiC_scaffold_6,30768005,2,57.35
HiC_scaffold_6,31109868,2,59.96
HiC_scaffold_4,30051431,2,59.96
HiC_scaffold_5,30988032,2,59.96
HiC_scaffold_6,31407731,2,60.81
HiC_scaffold_5,31283215,2,60.81
HiC_scaffold_4,30303506,2,60.81
HiC_scaffold_5,31679933,2,61.92
HiC_scaffold_4,30711342,2,61.92
HiC_scaffold_6,31764453,2,61.92
HiC_scaffold_4,31299310,2,63.82
HiC_scaffold_5,32254100,2,63.82
HiC_scaffold_6,32344585,2,63.82
HiC_scaffold_4,31420097,2,64.23
HiC_scaffold_5,32372538,2,64.23
HiC_scaffold_6,32452808,2,64.23
HiC_scaffold_6,32739592,2,65.09
HiC_scaffold_4,31769287,2,65.09
HiC_scaffold_5,32639170,2,65.09
HiC_scaffold_6,33492761,2,67
HiC_scaffold_5,33243454,2,67
HiC_scaffold_4,33225551,2,67
HiC_scaffold_5,33408755,2,67.17
HiC_scaffold_4,33478164,2,67.17
HiC_scaffold_6,33653230,2,67.17
HiC_scaffold_4,33988465,2,67.66
HiC_scaffold_6,34238669,2,67.66
HiC_scaffold_5,33918535,2,67.66
HiC_scaffold_5,34879487,2,68.61
HiC_scaffold_6,35111703,2,68.61
HiC_scaffold_4,34961919,2,68.61
HiC_scaffold_6,35674096,2,69.89
HiC_scaffold_5,35511435,2,69.89
HiC_scaffold_4,35581594,2,69.89
HiC_scaffold_6,35827301,2,70.21
HiC_scaffold_4,35737587,2,70.21
HiC_scaffold_5,35694627,2,70.21
HiC_scaffold_7,1439482,3,4.04
HiC_scaffold_8,1509428,3,4.04
HiC_scaffold_9,1422318,3,4.04
HiC_scaffold_8,2291940,3,8.03
HiC_scaffold_9,2051644,3,8.03
HiC_scaffold_7,2188039,3,8.03
HiC_scaffold_8,2582037,3,8.52
HiC_scaffold_7,2457215,3,8.52
HiC_scaffold_9,2222827,3,8.65
HiC_scaffold_7,2538657,3,8.65
HiC_scaffold_8,2671683,3,8.65
HiC_scaffold_8,3068799,3,9.26
HiC_scaffold_7,2965679,3,9.26
HiC_scaffold_9,2896075,3,9.26
HiC_scaffold_9,3008634,3,9.44
HiC_scaffold_7,3093169,3,9.44
HiC_scaffold_8,3204841,3,9.44
HiC_scaffold_9,3267967,3,9.74
HiC_scaffold_8,3473491,3,9.74
HiC_scaffold_7,3363511,3,9.74
HiC_scaffold_8,3652033,3,9.98
HiC_scaffold_7,3529828,3,9.98
HiC_scaffold_9,3402863,3,9.98
HiC_scaffold_9,3740656,3,11.9
HiC_scaffold_8,3940784,3,11.9
HiC_scaffold_7,3849456,3,11.9
HiC_scaffold_8,4123672,3,12.98
HiC_scaffold_9,3899540,3,12.98
HiC_scaffold_7,4023000,3,12.98
HiC_scaffold_7,4056828,3,13.23
HiC_scaffold_8,4161995,3,13.23
HiC_scaffold_9,3933364,3,13.23
HiC_scaffold_7,4151920,3,13.68
HiC_scaffold_9,4017915,3,13.68
HiC_scaffold_8,4262435,3,13.68
HiC_scaffold_7,4297030,3,14.4
HiC_scaffold_8,4366135,3,14.4
HiC_scaffold_9,4131585,3,14.4
HiC_scaffold_7,4848823,3,16.35
HiC_scaffold_8,4890313,3,16.35
HiC_scaffold_9,5080097,3,16.35
HiC_scaffold_7,4940053,3,16.96
HiC_scaffold_8,4996972,3,16.96
HiC_scaffold_8,5350571,3,18.4
HiC_scaffold_9,5304714,3,18.4
HiC_scaffold_7,5164632,3,18.4
HiC_scaffold_9,5485567,3,19.45
HiC_scaffold_7,5447080,3,19.45
HiC_scaffold_8,5626506,3,19.45
HiC_scaffold_7,5798364,3,21.77
HiC_scaffold_9,6157175,3,21.77
HiC_scaffold_8,6033142,3,21.77
HiC_scaffold_8,6282205,3,23.73
HiC_scaffold_9,6355789,3,23.73
HiC_scaffold_7,6050258,3,23.73
HiC_scaffold_7,6102767,3,24.34
HiC_scaffold_8,6333451,3,24.34
HiC_scaffold_9,6408219,3,24.34
HiC_scaffold_7,8997094,3,30.13
HiC_scaffold_8,8852171,3,30.13
HiC_scaffold_9,7951599,3,30.13
HiC_scaffold_9,7737773,3,30.24
HiC_scaffold_7,9278782,3,30.24
HiC_scaffold_8,9166369,3,30.24
HiC_scaffold_9,8738782,3,30.48
HiC_scaffold_8,9514478,3,30.48
HiC_scaffold_7,9657299,3,30.48
HiC_scaffold_9,17982635,3,36.98
HiC_scaffold_7,17188773,3,36.98
HiC_scaffold_8,17337914,3,36.98
HiC_scaffold_7,18259801,3,38.69
HiC_scaffold_8,18419697,3,38.69
HiC_scaffold_9,19288748,3,38.69
HiC_scaffold_8,17053249,3,39.07
HiC_scaffold_9,17764799,3,39.07
HiC_scaffold_7,16970428,3,39.07
HiC_scaffold_9,20088802,3,43.27
HiC_scaffold_7,19079930,3,43.27
HiC_scaffold_8,19250228,3,43.27
HiC_scaffold_9,21658881,3,55.75
HiC_scaffold_8,20547295,3,55.75
HiC_scaffold_7,20446562,3,55.75
HiC_scaffold_7,21966126,3,58.27
HiC_scaffold_9,22862173,3,58.27
HiC_scaffold_8,22114135,3,58.27
HiC_scaffold_8,22528856,3,58.41
HiC_scaffold_7,22315721,3,58.41
HiC_scaffold_9,26145393,3,67.68
HiC_scaffold_8,26428599,3,67.68
HiC_scaffold_7,26277162,3,67.68
HiC_scaffold_7,27493858,3,72.14
HiC_scaffold_8,27597589,3,72.14
HiC_scaffold_9,26669852,3,72.14
HiC_scaffold_9,27156858,3,73.65
HiC_scaffold_8,28090479,3,73.65
HiC_scaffold_7,27956212,3,73.65
HiC_scaffold_8,28557584,3,74.62
HiC_scaffold_9,27592001,3,74.62
HiC_scaffold_7,28387310,3,74.62
HiC_scaffold_9,28578038,3,77.64
HiC_scaffold_10,10090,4,2.36
HiC_scaffold_11,289751,4,2.36
HiC_scaffold_12,383678,4,2.36
HiC_scaffold_10,154058,4,3.66
HiC_scaffold_11,449189,4,3.66
HiC_scaffold_12,524027,4,3.66
HiC_scaffold_11,624079,4,5.4
HiC_scaffold_12,721856,4,5.4
HiC_scaffold_10,594174,4,6.07
HiC_scaffold_12,947796,4,6.07
HiC_scaffold_11,876620,4,6.07
HiC_scaffold_11,974395,4,6.12
HiC_scaffold_10,792570,4,6.12
HiC_scaffold_11,29472,4,6.12
HiC_scaffold_12,2512824,4,6.76
HiC_scaffold_10,2545879,4,6.76
HiC_scaffold_11,2585652,4,6.76
HiC_scaffold_11,3468913,4,7.52
HiC_scaffold_10,3438956,4,7.52
HiC_scaffold_12,3427990,4,7.52
HiC_scaffold_11,3937230,4,8.03
HiC_scaffold_12,3986224,4,8.03
HiC_scaffold_10,3892940,4,8.03
HiC_scaffold_11,4383390,4,10.53
HiC_scaffold_10,4520463,4,10.53
HiC_scaffold_12,4486926,4,10.53
HiC_scaffold_10,5139943,4,13.96
HiC_scaffold_11,5023551,4,13.96
HiC_scaffold_12,5030968,4,13.96
HiC_scaffold_11,5199439,4,14.74
HiC_scaffold_12,5181377,4,14.74
HiC_scaffold_10,5310774,4,14.74
HiC_scaffold_11,6353578,4,16.71
HiC_scaffold_10,6486428,4,16.71
HiC_scaffold_5,36220737,4,16.71
HiC_scaffold_10,7397564,4,19.53
HiC_scaffold_12,7340123,4,19.53
HiC_scaffold_11,7033110,4,19.53
HiC_scaffold_12,7001973,4,18.5
HiC_scaffold_10,7149393,4,18.5
HiC_scaffold_11,6811408,4,18.5
HiC_scaffold_10,6837148,4,17.93
HiC_scaffold_11,6562775,4,17.93
HiC_scaffold_11,7679271,4,20.4
HiC_scaffold_12,8076257,4,20.4
HiC_scaffold_10,8180830,4,20.4
HiC_scaffold_12,8266417,4,25.85
HiC_scaffold_10,8696677,4,25.85
HiC_scaffold_11,8146519,4,25.85
HiC_scaffold_12,8403831,4,25.85
HiC_scaffold_10,9006938,4,25.85
HiC_scaffold_11,8463247,4,25.85
HiC_scaffold_10,9601820,4,27.11
HiC_scaffold_12,8874412,4,27.11
HiC_scaffold_11,9170607,4,27.11
HiC_scaffold_12,9582266,4,28.82
HiC_scaffold_11,9764466,4,28.82
HiC_scaffold_10,10251034,4,28.91
HiC_scaffold_11,9814115,4,28.91
HiC_scaffold_12,9625090,4,28.91
HiC_scaffold_10,10963624,4,30.45
HiC_scaffold_11,10623778,4,30.45
HiC_scaffold_12,10441029,4,30.45
HiC_scaffold_11,11214679,4,30.48
HiC_scaffold_12,11029077,4,30.48
HiC_scaffold_10,11597772,4,30.48
HiC_scaffold_11,14972452,4,33.87
HiC_scaffold_12,14352486,4,33.87
HiC_scaffold_10,14914724,4,33.87
HiC_scaffold_10,15187870,4,33.95
HiC_scaffold_11,15352084,4,33.95
HiC_scaffold_12,14624700,4,33.95
HiC_scaffold_11,15886209,4,34.09
HiC_scaffold_10,15705568,4,34.09
HiC_scaffold_12,15130451,4,34.09
HiC_scaffold_10,19021277,4,45.41
HiC_scaffold_11,19207957,4,45.41
HiC_scaffold_12,17426215,4,45.41
HiC_scaffold_12,18390430,4,46.96
HiC_scaffold_11,20153069,4,46.96
HiC_scaffold_10,20349706,4,46.96
HiC_scaffold_11,21573237,4,51.22
HiC_scaffold_10,21692363,4,51.22
HiC_scaffold_12,19568677,4,51.22
HiC_scaffold_6,14123499,2,8.56
HiC_scaffold_5,12840489,2,8.56
HiC_scaffold_4,12715482,2,8.56
HiC_scaffold_12,24952321,4,66.37
HiC_scaffold_11,28652272,4,66.37
HiC_scaffold_10,29710994,4,66.37
HiC_scaffold_14,2042899,5,1.17
HiC_scaffold_15,5484521,5,1.17
HiC_scaffold_13,1652450,5,1.17
HiC_scaffold_13,2315455,5,1.74
HiC_scaffold_15,4759556,5,1.74
HiC_scaffold_14,2798854,5,1.74
HiC_scaffold_14,12108553,5,6.67
HiC_scaffold_15,8511460,5,6.67
HiC_scaffold_13,12051533,5,6.67
HiC_scaffold_14,13550255,5,11.04
HiC_scaffold_15,9687299,5,11.04
HiC_scaffold_15,9789136,5,11.31
HiC_scaffold_13,13512198,5,11.31
HiC_scaffold_14,13692654,5,11.31
HiC_scaffold_15,10808859,5,18.27
HiC_scaffold_13,14598378,5,18.27
HiC_scaffold_14,14729674,5,18.27
HiC_scaffold_15,12313050,5,26.1
HiC_scaffold_13,16195780,5,26.1
HiC_scaffold_15,12631040,5,27.07
HiC_scaffold_14,16530686,5,27.07
HiC_scaffold_13,16513636,5,27.07
HiC_scaffold_13,17293081,5,29.36
HiC_scaffold_14,17116339,5,29.36
HiC_scaffold_13,18177068,5,31.57
HiC_scaffold_15,13701725,5,31.57
HiC_scaffold_14,17893128,5,31.57
HiC_scaffold_13,18244131,5,32.04
HiC_scaffold_15,13760496,5,32.04
HiC_scaffold_14,17942751,5,32.04
HiC_scaffold_13,18338644,5,32.66
HiC_scaffold_14,18006527,5,32.66
HiC_scaffold_15,13860746,5,32.66
HiC_scaffold_14,18095622,5,33.48
HiC_scaffold_15,14131915,5,33.48
HiC_scaffold_13,18448729,5,33.48
HiC_scaffold_13,18709273,5,33.65
HiC_scaffold_14,18351668,5,33.65
HiC_scaffold_15,14349621,5,33.65
HiC_scaffold_14,18696169,5,33.94
HiC_scaffold_13,19106724,5,33.94
HiC_scaffold_15,14663459,5,33.94
HiC_scaffold_15,14761290,5,34.31
HiC_scaffold_13,19234249,5,34.31
HiC_scaffold_14,19334869,5,36.12
HiC_scaffold_15,15224580,5,36.12
HiC_scaffold_13,19808105,5,36.12
HiC_scaffold_13,20025512,5,40.15
HiC_scaffold_15,15454878,5,40.15
HiC_scaffold_14,19549208,5,40.15
HiC_scaffold_14,19604372,5,41.2
HiC_scaffold_15,15549995,5,41.2
HiC_scaffold_13,20126718,5,41.2
HiC_scaffold_15,18346969,5,50.87
HiC_scaffold_14,22483878,5,50.87
HiC_scaffold_13,23179752,5,50.87
HiC_scaffold_14,22568942,5,51.66
HiC_scaffold_13,23279686,5,51.66
HiC_scaffold_13,23382406,5,51.83
HiC_scaffold_14,22646138,5,51.83
HiC_scaffold_15,18565714,5,51.83
HiC_scaffold_14,22951945,5,52.51
HiC_scaffold_13,23719458,5,52.51
HiC_scaffold_15,18873939,5,52.51
HiC_scaffold_14,23036296,5,52.73
HiC_scaffold_15,18982348,5,52.73
HiC_scaffold_13,23817783,5,52.73
HiC_scaffold_14,23047536,5,52.73
HiC_scaffold_14,23531821,5,53.91
HiC_scaffold_13,24384480,5,53.91
HiC_scaffold_15,19476132,5,53.91
HiC_scaffold_13,24423945,5,53.91
HiC_scaffold_15,19520200,5,53.91
HiC_scaffold_14,23577402,5,53.91
HiC_scaffold_15,19565960,5,53.91
HiC_scaffold_13,24478957,5,53.91
HiC_scaffold_14,23634337,5,53.91
HiC_scaffold_13,24550239,5,53.91
HiC_scaffold_14,23697927,5,53.91
HiC_scaffold_15,19640224,5,53.91
HiC_scaffold_13,24705734,5,53.91
HiC_scaffold_14,23802187,5,53.91
HiC_scaffold_15,19740065,5,53.91
HiC_scaffold_13,25266205,5,55.51
HiC_scaffold_15,20194247,5,55.51
HiC_scaffold_14,24259223,5,55.51
HiC_scaffold_14,24418321,5,55.6
HiC_scaffold_13,25457294,5,55.6
HiC_scaffold_15,20399331,5,55.6
HiC_scaffold_13,25655827,5,56.44
HiC_scaffold_15,20577612,5,56.44
HiC_scaffold_14,24615193,5,56.44
HiC_scaffold_17,4474051,6,12.94
HiC_scaffold_16,4420587,6,12.94
HiC_scaffold_18,4669559,6,12.94
HiC_scaffold_16,4534081,6,13.45
HiC_scaffold_17,4573286,6,13.45
HiC_scaffold_18,4780718,6,13.45
HiC_scaffold_17,46850,6,0
HiC_scaffold_16,58525,6,0
HiC_scaffold_18,791233,6,0
HiC_scaffold_16,3696412,6,10
HiC_scaffold_18,4009247,6,10
HiC_scaffold_16,3703237,6,10
HiC_scaffold_17,3697103,6,10
HiC_scaffold_16,3162410,6,9.64
HiC_scaffold_17,3182868,6,9.64
HiC_scaffold_18,3553781,6,9.64
HiC_scaffold_16,3008404,6,9.46
HiC_scaffold_18,3430304,6,9.46
HiC_scaffold_17,3023421,6,9.46
HiC_scaffold_17,881251,6,0.84
HiC_scaffold_18,1560244,6,0.84
HiC_scaffold_16,952313,6,0.84
HiC_scaffold_18,1463176,6,0.84
HiC_scaffold_16,799992,6,0.84
HiC_scaffold_17,738188,6,0.84
HiC_scaffold_17,6675559,6,0.84
HiC_scaffold_16,6244160,6,0.84
HiC_scaffold_18,5988895,6,0.84
HiC_scaffold_16,5172347,6,15.74
HiC_scaffold_17,5403472,6,15.74
HiC_scaffold_18,4984771,6,15.74
HiC_scaffold_18,5288189,6,16.31
HiC_scaffold_17,5886538,6,16.31
HiC_scaffold_16,5524581,6,16.31
HiC_scaffold_17,6444355,6,17.06
HiC_scaffold_18,5757962,6,17.06
HiC_scaffold_18,5803887,6,17.14
HiC_scaffold_17,6490595,6,17.14
HiC_scaffold_16,6110696,6,17.14
HiC_scaffold_16,7240351,6,21.84
HiC_scaffold_18,6736407,6,21.84
HiC_scaffold_17,7617016,6,21.84
HiC_scaffold_17,8493645,6,24.77
HiC_scaffold_18,7647007,6,24.77
HiC_scaffold_16,8184143,6,24.77
HiC_scaffold_17,9645800,6,28.49
HiC_scaffold_18,8449343,6,28.49
HiC_scaffold_16,9195787,6,28.49
HiC_scaffold_17,10226409,6,32.64
HiC_scaffold_16,9857675,6,32.64
HiC_scaffold_18,8978381,6,32.64
HiC_scaffold_17,11727263,6,44.37
HiC_scaffold_18,10356123,6,44.37
HiC_scaffold_16,11525089,6,44.37
HiC_scaffold_16,14302050,6,47.76
HiC_scaffold_17,13816895,6,47.76
HiC_scaffold_18,12859937,6,47.76
HiC_scaffold_18,18378030,6,54.9
HiC_scaffold_16,18850015,6,54.9
HiC_scaffold_17,18440499,6,54.9
HiC_scaffold_17,20660749,6,56.07
HiC_scaffold_16,20953792,6,56.07
HiC_scaffold_18,20207752,6,56.07
HiC_scaffold_16,22541983,6,58.64
HiC_scaffold_17,22325417,6,58.64
HiC_scaffold_18,23354950,6,59.4
HiC_scaffold_17,22810137,6,59.4
HiC_scaffold_16,22926968,6,59.4
HiC_scaffold_16,22952542,6,59.47
HiC_scaffold_18,23381396,6,59.47
HiC_scaffold_17,22837703,6,59.47
HiC_scaffold_18,23933796,6,62.24
HiC_scaffold_17,24073700,6,62.24
HiC_scaffold_16,24002675,6,62.24
HiC_scaffold_16,24408849,6,65.66
HiC_scaffold_17,24528158,6,65.66
HiC_scaffold_17,24754838,6,65.94
HiC_scaffold_16,24674552,6,65.94
HiC_scaffold_18,24567362,6,65.94
HiC_scaffold_17,24814177,6,66.02
HiC_scaffold_16,24702317,6,66.02
HiC_scaffold_18,24587751,6,66.02
HiC_scaffold_17,24991042,6,66.27
HiC_scaffold_16,24865443,6,66.27
HiC_scaffold_18,24737912,6,66.27
HiC_scaffold_17,25101023,6,66.53
HiC_scaffold_16,25099677,6,66.53
HiC_scaffold_18,24837120,6,66.53
HiC_scaffold_17,25362985,6,68.06
HiC_scaffold_18,25106901,6,68.06
HiC_scaffold_16,25364238,6,68.06
HiC_scaffold_16,26743249,6,75.06
HiC_scaffold_16,26721354,6,75.06
HiC_scaffold_17,26639877,6,75.06
HiC_scaffold_18,26372357,6,75.06
HiC_scaffold_18,26725309,6,77.9
HiC_scaffold_17,27062239,6,77.9
HiC_scaffold_16,27149354,6,77.9
HiC_scaffold_17,27972418,6,82.29
HiC_scaffold_16,28026418,6,82.29
HiC_scaffold_18,27503214,6,82.29
HiC_scaffold_17,28351599,6,83.2
HiC_scaffold_16,28532458,6,83.2
HiC_scaffold_16,28497696,6,83.2
HiC_scaffold_18,27785521,6,83.2
HiC_scaffold_16,28714669,6,83.67
HiC_scaffold_18,27935214,6,83.67
HiC_scaffold_16,28812129,6,84.14
HiC_scaffold_16,28851726,6,84.14
HiC_scaffold_17,28598708,6,84.14
HiC_scaffold_17,28661477,6,84.29
HiC_scaffold_16,28883933,6,84.29
HiC_scaffold_18,28068581,6,84.29
HiC_scaffold_16,28959574,6,84.52
HiC_scaffold_17,28733681,6,84.52
HiC_scaffold_18,28142672,6,84.52
HiC_scaffold_16,30076556,6,87.22
HiC_scaffold_17,29723411,6,87.22
HiC_scaffold_18,29207614,6,87.22
HiC_scaffold_16,30750941,6,89.88
HiC_scaffold_17,30490689,6,89.88
HiC_scaffold_18,30029189,6,89.88
HiC_scaffold_16,31265340,6,93.3
HiC_scaffold_17,31000345,6,93.3
HiC_scaffold_18,30468951,6,93.3
HiC_scaffold_17,31428528,6,96.98
HiC_scaffold_18,30869485,6,96.98
HiC_scaffold_17,32514402,6,99.21
HiC_scaffold_16,32754430,6,99.21
HiC_scaffold_18,31735806,6,99.21
HiC_scaffold_18,31956304,6,99.38
HiC_scaffold_17,32713582,6,99.38
HiC_scaffold_16,32966235,6,99.38
HiC_scaffold_18,32239409,6,99.65
HiC_scaffold_17,33008688,6,99.65
HiC_scaffold_16,33267255,6,99.65
HiC_scaffold_17,33441357,6,100.21
HiC_scaffold_16,33776815,6,100.21
HiC_scaffold_18,32664273,6,100.21
HiC_scaffold_17,33649537,6,100.52
HiC_scaffold_16,33995653,6,100.52
HiC_scaffold_18,32872167,6,100.52
HiC_scaffold_18,33542428,6,101.65
HiC_scaffold_17,34349028,6,101.65
HiC_scaffold_16,34694535,6,101.65
HiC_scaffold_19,4882197,7,5.46
HiC_scaffold_21,5678430,7,4.5
HiC_scaffold_20,4035013,7,4.5
HiC_scaffold_19,3721594,7,4.5
HiC_scaffold_21,4942059,7,4.49
HiC_scaffold_19,3173547,7,4.49
HiC_scaffold_20,3392554,7,4.49
HiC_scaffold_19,2672103,7,4.44
HiC_scaffold_21,4381613,7,4.44
HiC_scaffold_20,2697827,7,4.44
HiC_scaffold_19,1851952,7,4.05
HiC_scaffold_21,3503023,7,4.05
HiC_scaffold_20,1985704,7,4.05
HiC_scaffold_19,505390,7,3.39
HiC_scaffold_21,458787,7,3.39
HiC_scaffold_20,689642,7,3.39
HiC_scaffold_19,9826982,7,8.73
HiC_scaffold_20,8990047,7,8.73
HiC_scaffold_21,12521103,7,8.73
HiC_scaffold_20,9727071,7,12.43
HiC_scaffold_19,10871017,7,12.43
HiC_scaffold_21,13357255,7,12.43
HiC_scaffold_20,11479491,7,12.7
HiC_scaffold_21,14617037,7,12.7
HiC_scaffold_19,12590032,7,12.7
HiC_scaffold_19,13960347,7,12.96
HiC_scaffold_21,16127273,7,12.96
HiC_scaffold_20,13105673,7,12.96
HiC_scaffold_21,16438023,7,13.03
HiC_scaffold_20,13554934,7,13.03
HiC_scaffold_19,14400277,7,13.03
HiC_scaffold_21,16566549,7,13.03
HiC_scaffold_20,13666885,7,13.03
HiC_scaffold_20,14141072,7,17.86
HiC_scaffold_19,14817437,7,17.86
HiC_scaffold_21,17054499,7,17.86
HiC_scaffold_20,16637265,7,28.24
HiC_scaffold_19,17517579,7,28.24
HiC_scaffold_21,20165053,7,34.7
HiC_scaffold_20,17709341,7,34.7
HiC_scaffold_19,18529635,7,34.7
HiC_scaffold_19,20089275,7,37.43
HiC_scaffold_20,19123993,7,37.43
HiC_scaffold_21,21432368,7,37.43
HiC_scaffold_21,21788427,7,39.06
HiC_scaffold_20,19487804,7,39.06
HiC_scaffold_19,20421084,7,39.06
HiC_scaffold_20,19954000,7,40.63
HiC_scaffold_21,22138844,7,40.63
HiC_scaffold_19,20869424,7,40.63
HiC_scaffold_19,21611852,7,42.72
HiC_scaffold_20,20652972,7,42.72
HiC_scaffold_21,22776246,7,42.72
HiC_scaffold_19,21751054,7,42.96
HiC_scaffold_21,22900891,7,42.96
HiC_scaffold_20,20781716,7,42.96
HiC_scaffold_19,22132072,7,45.06
HiC_scaffold_20,21100779,7,45.06
HiC_scaffold_21,23224807,7,45.06
HiC_scaffold_19,22493398,7,46.79
HiC_scaffold_20,21470617,7,46.79
HiC_scaffold_20,22855888,7,54.51
HiC_scaffold_21,24709176,7,54.51
HiC_scaffold_19,23818031,7,54.51
HiC_scaffold_21,25123496,7,56.45
HiC_scaffold_20,23307968,7,56.45
HiC_scaffold_19,24296039,7,56.45
HiC_scaffold_21,25989948,7,59.92
HiC_scaffold_20,24263257,7,59.92
HiC_scaffold_19,25398178,7,59.92
HiC_scaffold_21,26506659,7,61.48
HiC_scaffold_19,25907166,7,61.48
HiC_scaffold_20,24807937,7,61.48
HiC_scaffold_20,25124907,7,65.67
HiC_scaffold_19,26238612,7,65.67
HiC_scaffold_21,26823935,7,65.67
HiC_scaffold_19,26480438,7,67.29
HiC_scaffold_20,25351533,7,67.29
HiC_scaffold_21,27028995,7,67.29
HiC_scaffold_21,27153591,7,67.29
HiC_scaffold_20,25479570,7,67.29
HiC_scaffold_19,26632117,7,67.29
HiC_scaffold_19,26735759,7,67.32
HiC_scaffold_21,27834952,7,68.52
HiC_scaffold_19,27438458,7,68.52
HiC_scaffold_20,26297237,7,69.25
HiC_scaffold_19,27692935,7,69.25
HiC_scaffold_21,28055256,7,69.25
HiC_scaffold_24,343445,8,2.03
HiC_scaffold_22,249812,8,2.03
HiC_scaffold_23,333864,8,2.03
HiC_scaffold_24,571699,8,2.78
HiC_scaffold_22,562278,8,2.78
HiC_scaffold_23,558209,8,2.78
HiC_scaffold_24,1325421,8,3.44
HiC_scaffold_23,1044420,8,3.44
HiC_scaffold_23,1969677,8,7.96
HiC_scaffold_22,1696949,8,7.96
HiC_scaffold_22,7759879,8,23.04
HiC_scaffold_23,8151112,8,23.04
HiC_scaffold_23,11237298,8,25.68
HiC_scaffold_22,10211022,8,25.68
HiC_scaffold_24,12398724,8,23.04
HiC_scaffold_23,8988284,8,23.04
HiC_scaffold_23,15922551,8,38.83
HiC_scaffold_24,15014133,8,38.83
HiC_scaffold_24,16077012,8,42.29
HiC_scaffold_22,13453712,8,42.29
HiC_scaffold_23,16985811,8,42.29
HiC_scaffold_23,17409561,8,51.02
HiC_scaffold_24,17181417,8,51.02
HiC_scaffold_24,18030072,8,51.45
HiC_scaffold_23,18179915,8,51.45
HiC_scaffold_22,15641940,8,51.45
HiC_scaffold_22,17108043,8,56.4
HiC_scaffold_23,19401609,8,56.4
HiC_scaffold_24,19209072,8,56.4
HiC_scaffold_22,17417285,8,58.48
HiC_scaffold_24,19540896,8,58.48
HiC_scaffold_23,19653628,8,58.48
HiC_scaffold_23,19744513,8,58.85
HiC_scaffold_22,17522762,8,58.85
HiC_scaffold_24,19635932,8,58.85
HiC_scaffold_22,17822697,8,60.23
HiC_scaffold_24,20343016,8,60.23
HiC_scaffold_22,18751833,8,61.72
HiC_scaffold_24,21489543,8,61.72
HiC_scaffold_23,19910873,8,61.75
HiC_scaffold_22,18845202,8,61.75
HiC_scaffold_24,21652913,8,61.75
HiC_scaffold_24,22225038,8,61.88
HiC_scaffold_22,19771855,8,61.88
HiC_scaffold_24,23007466,8,62.08
HiC_scaffold_23,21135214,8,62.08
HiC_scaffold_22,20625900,8,62.08
HiC_scaffold_23,21526816,8,62.16
HiC_scaffold_22,20934226,8,62.16
HiC_scaffold_24,23335286,8,62.16
HiC_scaffold_24,24291721,8,64.41
HiC_scaffold_24,24368999,8,64.86
HiC_scaffold_22,22030273,8,64.86
HiC_scaffold_23,22784747,8,66.05
HiC_scaffold_24,24822839,8,66.05
HiC_scaffold_22,22465014,8,66.05
HiC_scaffold_22,22891467,8,67.13
HiC_scaffold_24,25235171,8,67.13
HiC_scaffold_23,23221111,8,68.97
HiC_scaffold_22,23093860,8,68.97
HiC_scaffold_2,14962,1,0
HiC_scaffold_2,330547,1,0
HiC_scaffold_2,755090,1,4.04
HiC_scaffold_3,1614063,1,7.63
HiC_scaffold_2,1900570,1,7.63
HiC_scaffold_1,1228659,1,7.63
HiC_scaffold_2,2283872,1,8.94
HiC_scaffold_3,1896328,1,8.94
HiC_scaffold_1,1633196,1,8.94
HiC_scaffold_3,2729416,1,10.44
HiC_scaffold_1,2288348,1,10.44
HiC_scaffold_2,2963466,1,10.44
HiC_scaffold_3,4152530,1,11.36
HiC_scaffold_2,4540554,1,11.36
HiC_scaffold_1,3974911,1,11.36
HiC_scaffold_3,4688507,1,11.81
HiC_scaffold_2,5164469,1,11.81
HiC_scaffold_1,4609857,1,11.81
HiC_scaffold_1,4529670,1,11.74
HiC_scaffold_2,5087156,1,11.74
HiC_scaffold_3,4598366,1,11.74
HiC_scaffold_2,4714913,1,11.5
HiC_scaffold_1,4153598,1,11.5
HiC_scaffold_3,4304538,1,11.5
HiC_scaffold_1,6217455,1,13.53
HiC_scaffold_2,6938866,1,13.53
HiC_scaffold_3,6128382,1,13.53
HiC_scaffold_1,6405433,1,13.53
HiC_scaffold_2,7066515,1,13.53
HiC_scaffold_3,6256927,1,13.53
HiC_scaffold_3,6517661,1,13.53
HiC_scaffold_2,7343867,1,13.53
HiC_scaffold_1,6750478,1,13.53
HiC_scaffold_3,7370399,1,17.77
HiC_scaffold_1,7715813,1,17.77
HiC_scaffold_2,8083504,1,17.77
HiC_scaffold_2,8387497,1,18.19
HiC_scaffold_3,7631201,1,18.19
HiC_scaffold_1,8057882,1,18.19
HiC_scaffold_1,8851959,1,22.02
HiC_scaffold_2,9319246,1,22.02
HiC_scaffold_3,8434425,1,22.02
HiC_scaffold_1,9148496,1,23.29
HiC_scaffold_3,8670442,1,23.29
HiC_scaffold_2,9504159,1,23.29
HiC_scaffold_3,10429493,1,31.53
HiC_scaffold_1,11041588,1,31.53
HiC_scaffold_2,11409004,1,31.53
HiC_scaffold_3,12256012,1,42.42
HiC_scaffold_1,14698432,1,43.08
HiC_scaffold_2,14548081,1,43.08
HiC_scaffold_3,12787336,1,43.08
HiC_scaffold_3,12859858,1,43.13
HiC_scaffold_1,14778675,1,43.13
HiC_scaffold_2,14656215,1,43.13
HiC_scaffold_2,16139928,1,43.97
HiC_scaffold_1,16394679,1,43.97
HiC_scaffold_3,14656645,1,43.97
HiC_scaffold_1,21439819,1,49.17
HiC_scaffold_3,19636172,1,49.17
HiC_scaffold_2,21534593,1,49.17
HiC_scaffold_1,26084757,1,51.66
HiC_scaffold_3,24162086,1,51.66
HiC_scaffold_2,24943053,1,51.66
HiC_scaffold_1,26336877,1,51.95
HiC_scaffold_2,25113143,1,51.95
HiC_scaffold_3,24386640,1,51.95
HiC_scaffold_3,24716986,1,52.24
HiC_scaffold_2,25521714,1,52.24
HiC_scaffold_1,26766566,1,52.24
HiC_scaffold_1,28174358,1,53.47
HiC_scaffold_3,26129867,1,53.47
HiC_scaffold_2,26689309,1,53.47
HiC_scaffold_3,26484543,1,55.91
HiC_scaffold_1,28575705,1,55.91
HiC_scaffold_2,27278743,1,55.91
HiC_scaffold_3,26528584,1,59.7
HiC_scaffold_2,27408735,1,59.7
HiC_scaffold_1,28644380,1,59.7
HiC_scaffold_2,29756934,1,67.11
HiC_scaffold_3,26963595,1,67.11
HiC_scaffold_1,29113094,1,67.11
HiC_scaffold_1,29332103,1,67.92
HiC_scaffold_2,29577517,1,67.92
HiC_scaffold_3,27178132,1,67.92
HiC_scaffold_3,27859297,1,70.81
HiC_scaffold_2,28778489,1,70.81
HiC_scaffold_1,30108978,1,70.81
HiC_scaffold_2,28639533,1,71.44
HiC_scaffold_1,30241616,1,71.44
HiC_scaffold_3,27975315,1,71.44
HiC_scaffold_1,30560525,1,73.14
HiC_scaffold_2,28335170,1,73.14
HiC_scaffold_3,28262446,1,73.14
HiC_scaffold_3,28519686,1,74.69
HiC_scaffold_1,30737276,1,74.69
HiC_scaffold_2,28140518,1,74.69
HiC_scaffold_2,29964174,1,75.32
HiC_scaffold_3,28817894,1,75.32
HiC_scaffold_1,31060871,1,75.32
HiC_scaffold_3,29460638,1,76.85
HiC_scaffold_2,30770789,1,76.85
HiC_scaffold_1,31980730,1,77.41
HiC_scaffold_2,31098225,1,77.41
HiC_scaffold_3,29698466,1,77.41
HiC_scaffold_3,30267643,1,78.74
HiC_scaffold_2,31647864,1,78.74
HiC_scaffold_1,32624135,1,78.74
HiC_scaffold_2,31990753,1,80.05
HiC_scaffold_3,30615631,1,80.05
HiC_scaffold_1,33028883,1,80.05
HiC_scaffold_1,33633587,1,81.93
HiC_scaffold_2,32533564,1,81.93
HiC_scaffold_3,31164803,1,81.93
HiC_scaffold_2,34187885,1,87.22
HiC_scaffold_1,35176084,1,87.22
HiC_scaffold_3,32708417,1,87.22
HiC_scaffold_22,13423316,1,90.39
HiC_scaffold_1,36251132,1,90.39
HiC_scaffold_3,34320193,1,92.41
HiC_scaffold_2,35590490,1,92.41
HiC_scaffold_1,37093948,1,92.41
HiC_scaffold_2,36481013,1,95.22
HiC_scaffold_1,38070266,1,95.22
HiC_scaffold_3,35715660,1,99.13
HiC_scaffold_1,38618915,1,99.13
HiC_scaffold_2,36932753,1,99.13
HiC_scaffold_1,38960951,1,101.76
HiC_scaffold_3,35953635,1,101.76
HiC_scaffold_2,37186729,1,101.76
HiC_scaffold_2,37341734,1,101.97
HiC_scaffold_3,36127785,1,101.97
HiC_scaffold_1,39117876,1,101.97
HiC_scaffold_3,36343528,1,102.2
HiC_scaffold_1,39324056,1,102.2
HiC_scaffold_2,37559520,1,102.2
HiC_scaffold_1,39450297,1,102.35
HiC_scaffold_3,36456917,1,102.35
HiC_scaffold_2,37684201,1,102.35
HiC_scaffold_2,37989930,1,103.47
HiC_scaffold_1,39768465,1,103.47
HiC_scaffold_3,36777977,1,103.47
HiC_scaffold_2,38278951,1,103.67
HiC_scaffold_3,37123508,1,103.67
HiC_scaffold_1,40160743,1,103.67
HiC_scaffold_1,40425693,1,104.73
HiC_scaffold_2,38488868,1,104.73
HiC_scaffold_3,37385427,1,104.73
HiC_scaffold_1,40590643,1,105.46
HiC_scaffold_3,37534242,1,105.46
HiC_scaffold_2,38680375,1,105.46
HiC_scaffold_3,37690145,1,106.29
HiC_scaffold_2,38856069,1,106.29
HiC_scaffold_1,40752426,1,106.29
HiC_scaffold_1,41455697,1,109.43
HiC_scaffold_3,38287269,1,109.43
HiC_scaffold_2,39529556,1,109.43
HiC_scaffold_1,41516868,1,109.79
HiC_scaffold_2,39592399,1,109.79
HiC_scaffold_3,38343708,1,109.79
HiC_scaffold_3,38724019,1,111.37
HiC_scaffold_1,42041647,1,111.37
HiC_scaffold_2,40137768,1,111.37
HiC_scaffold_3,38909813,1,111.37
HiC_scaffold_1,42124912,1,111.37
HiC_scaffold_3,38999494,1,111.37
HiC_scaffold_2,40732338,1,113.12
HiC_scaffold_1,42724588,1,113.12
HiC_scaffold_3,39405042,1,113.12
HiC_scaffold_3,39449801,1,113.33
HiC_scaffold_1,42963874,1,114.01
HiC_scaffold_3,39598616,1,114.01
HiC_scaffold_2,40949699,1,114.01
HiC_scaffold_2,41057804,1,114.63
HiC_scaffold_3,39723431,1,114.63
HiC_scaffold_2,43123666,1,121.35
HiC_scaffold_1,45126304,1,121.35
HiC_scaffold_3,41021145,1,121.35
HiC_scaffold_1,45464854,1,121.93
HiC_scaffold_2,43516497,1,121.93
HiC_scaffold_2,44221620,1,123.01
HiC_scaffold_3,41454963,1,123.01
HiC_scaffold_1,46102002,1,123.01
HiC_scaffold_1,51744694,1,139.79
HiC_scaffold_2,50035094,1,139.79
HiC_scaffold_2,49246619,1,134.52
HiC_scaffold_3,46422845,1,134.52
HiC_scaffold_1,51176114,1,134.52
HiC_scaffold_2,49081562,1,134.47
HiC_scaffold_1,50066462,1,132.78
HiC_scaffold_2,48276752,1,132.78
HiC_scaffold_3,45201507,1,132.78
HiC_scaffold_3,45028763,1,132.78
HiC_scaffold_1,49896740,1,132.78
HiC_scaffold_2,48105961,1,132.78
HiC_scaffold_3,44087223,1,126.86
HiC_scaffold_2,47090665,1,126.86
HiC_scaffold_1,48899003,1,126.86
HiC_scaffold_2,46742310,1,126.42
HiC_scaffold_3,43718258,1,126.42
HiC_scaffold_6,4229151,2,6.79
HiC_scaffold_5,4183660,2,6.79
HiC_scaffold_4,4440604,2,6.79
HiC_scaffold_5,17341379,2,13.57
HiC_scaffold_4,16830764,2,13.57
HiC_scaffold_6,18196492,2,13.57
HiC_scaffold_6,20277081,2,24.32
HiC_scaffold_4,18641096,2,24.32
HiC_scaffold_5,19180980,2,24.32
HiC_scaffold_6,24690401,2,40.05
HiC_scaffold_4,23071248,2,40.05
HiC_scaffold_5,23797713,2,40.05
HiC_scaffold_6,27189592,2,44.85
HiC_scaffold_5,26552476,2,44.85
HiC_scaffold_4,25605631,2,44.85
HiC_scaffold_6,27574561,2,45.07
HiC_scaffold_5,26892823,2,45.07
HiC_scaffold_4,25907292,2,45.07
HiC_scaffold_4,26092316,2,45.25
HiC_scaffold_5,27057518,2,45.25
HiC_scaffold_6,29343908,2,50.02
HiC_scaffold_5,29059016,2,50.02
HiC_scaffold_4,28258415,2,50.02
HiC_scaffold_4,29916352,2,59.09
HiC_scaffold_6,30962520,2,59.09
HiC_scaffold_5,30812172,2,59.09
HiC_scaffold_4,30432526,2,61.15
HiC_scaffold_6,31529697,2,61.15
HiC_scaffold_5,31398515,2,61.15
HiC_scaffold_4,30482212,2,61.38
HiC_scaffold_5,31449258,2,61.38
HiC_scaffold_6,31572981,2,61.38
HiC_scaffold_5,31718926,2,62.05
HiC_scaffold_6,31803191,2,62.05
HiC_scaffold_4,30766404,2,62.05
HiC_scaffold_5,31879981,2,62.5
HiC_scaffold_6,31956140,2,62.5
HiC_scaffold_4,30902453,2,62.5
HiC_scaffold_4,31049075,2,62.97
HiC_scaffold_6,32066083,2,62.97
HiC_scaffold_5,32012436,2,62.97
HiC_scaffold_5,32256245,2,63.82
HiC_scaffold_6,32346728,2,63.82
HiC_scaffold_4,31301451,2,63.82
HiC_scaffold_4,33576529,2,67.25
HiC_scaffold_5,33492436,2,67.25
HiC_scaffold_6,33743378,2,67.25
HiC_scaffold_6,33918142,2,67.33
HiC_scaffold_4,33647386,2,67.33
HiC_scaffold_6,34271078,2,67.7
HiC_scaffold_4,34037976,2,67.7
HiC_scaffold_5,33959826,2,67.7
HiC_scaffold_4,34807857,2,68.3
HiC_scaffold_6,34954675,2,68.3
HiC_scaffold_5,34681027,2,68.3
HiC_scaffold_5,34785652,2,68.43
HiC_scaffold_4,34886220,2,68.43
HiC_scaffold_6,35034744,2,68.43
HiC_scaffold_5,35342016,2,69.49
HiC_scaffold_4,35388277,2,69.49
HiC_scaffold_6,35519482,2,69.49
HiC_scaffold_7,2249853,3,8.26
HiC_scaffold_8,2325713,3,8.26
HiC_scaffold_9,2086242,3,8.26
HiC_scaffold_8,2682181,3,8.67
HiC_scaffold_7,2545537,3,8.67
HiC_scaffold_9,2229630,3,8.67
HiC_scaffold_8,3565532,3,9.87
HiC_scaffold_7,3449699,3,9.87
HiC_scaffold_9,3338208,3,9.87
HiC_scaffold_9,3935747,3,13.25
HiC_scaffold_8,4164361,3,13.25
HiC_scaffold_7,4059172,3,13.25
HiC_scaffold_7,6473678,3,26.8
HiC_scaffold_8,6652353,3,26.8
HiC_scaffold_9,6742207,3,26.8
HiC_scaffold_8,10581381,3,32.26
HiC_scaffold_9,9860205,3,32.26
HiC_scaffold_7,10942307,3,32.26
HiC_scaffold_7,11875486,3,34.27
HiC_scaffold_8,11388259,3,34.27
HiC_scaffold_8,18679131,3,39.91
HiC_scaffold_9,20404956,3,47.72
HiC_scaffold_8,19575454,3,47.72
HiC_scaffold_7,19442807,3,47.72
HiC_scaffold_9,23245695,3,58.42
HiC_scaffold_8,22564080,3,58.42
HiC_scaffold_7,22356655,3,58.42
HiC_scaffold_9,23509485,3,61.18
HiC_scaffold_8,22841213,3,61.18
HiC_scaffold_8,24765538,3,65.71
HiC_scaffold_7,24575508,3,65.71
HiC_scaffold_9,24574216,3,65.71
HiC_scaffold_7,24670027,3,65.71
HiC_scaffold_9,24665556,3,65.71
HiC_scaffold_8,24872840,3,65.71
HiC_scaffold_8,25871421,3,67.51
HiC_scaffold_7,25762593,3,67.51
HiC_scaffold_9,27194715,3,73.75
HiC_scaffold_7,28000566,3,73.75
HiC_scaffold_8,28128018,3,73.75
HiC_scaffold_8,29438152,3,76.53
HiC_scaffold_7,29192582,3,76.53
HiC_scaffold_12,337438,4,1.88
HiC_scaffold_11,241156,4,1.88
HiC_scaffold_10,595148,4,6.07
HiC_scaffold_12,948773,4,6.07
HiC_scaffold_10,2422505,4,6.69
HiC_scaffold_11,2464103,4,6.69
HiC_scaffold_12,2289309,4,6.69
HiC_scaffold_12,2605770,4,6.8
HiC_scaffold_11,2736679,4,6.8
HiC_scaffold_10,2666902,4,6.8
HiC_scaffold_10,2890845,4,6.9
HiC_scaffold_12,2810202,4,6.9
HiC_scaffold_11,2976907,4,6.9
HiC_scaffold_11,3051311,4,7.01
HiC_scaffold_12,2984172,4,7.01
HiC_scaffold_10,3036098,4,7.01
HiC_scaffold_11,3765877,4,7.84
HiC_scaffold_10,3722811,4,7.84
HiC_scaffold_12,3839845,4,7.84
HiC_scaffold_10,4597039,4,10.66
HiC_scaffold_11,4448159,4,10.66
HiC_scaffold_12,4958568,4,13.45
HiC_scaffold_11,4945912,4,13.45
HiC_scaffold_10,5057928,4,13.45
HiC_scaffold_11,5296067,4,14.92
HiC_scaffold_10,5426771,4,14.92
HiC_scaffold_12,5269060,4,14.92
HiC_scaffold_10,5506676,4,15.1
HiC_scaffold_12,5918313,4,15.48
HiC_scaffold_12,5879201,4,15.48
HiC_scaffold_11,5720079,4,15.48
HiC_scaffold_11,7028142,4,19.51
HiC_scaffold_10,7392714,4,19.51
HiC_scaffold_12,7614401,4,20.4
HiC_scaffold_10,7834950,4,20.4
HiC_scaffold_11,7353147,4,20.4
HiC_scaffold_10,7847755,4,20.4
HiC_scaffold_11,7365977,4,20.4
HiC_scaffold_12,7627220,4,20.4
HiC_scaffold_11,7880078,4,22.86
HiC_scaffold_12,8927842,4,27.26
HiC_scaffold_11,9219344,4,27.26
HiC_scaffold_10,9642322,4,27.26
HiC_scaffold_11,9814900,4,28.91
HiC_scaffold_12,9625874,4,28.91
HiC_scaffold_10,10251821,4,28.91
HiC_scaffold_10,10892334,4,30.1
HiC_scaffold_12,10370873,4,30.1
HiC_scaffold_11,10556580,4,30.1
HiC_scaffold_11,11118446,4,30.48
HiC_scaffold_12,10930422,4,30.48
HiC_scaffold_10,11517616,4,30.48
HiC_scaffold_12,12281863,4,31.4
HiC_scaffold_11,12354300,4,31.4
HiC_scaffold_10,12600621,4,31.4
HiC_scaffold_10,14001950,4,33.68
HiC_scaffold_11,14240388,4,33.75
HiC_scaffold_12,13854007,4,33.75
HiC_scaffold_10,14373984,4,33.75
HiC_scaffold_11,15843565,4,34.08
HiC_scaffold_12,15111299,4,34.08
HiC_scaffold_10,15677045,4,34.08
HiC_scaffold_12,15863547,4,37.42
HiC_scaffold_11,16873882,4,37.42
HiC_scaffold_10,16501915,4,37.42
HiC_scaffold_10,18701259,4,45.4
HiC_scaffold_12,17462825,4,45.44
HiC_scaffold_10,19084495,4,45.44
HiC_scaffold_11,19246616,4,45.44
HiC_scaffold_12,19139827,4,50.14
HiC_scaffold_10,21049648,4,50.14
HiC_scaffold_11,20902481,4,50.14
HiC_scaffold_10,28364697,4,64.13
HiC_scaffold_12,24103141,4,64.13
HiC_scaffold_11,27675590,4,64.13
HiC_scaffold_15,712916,5,0
HiC_scaffold_13,186116,5,0
HiC_scaffold_14,274591,5,0
HiC_scaffold_15,646542,5,0.29
HiC_scaffold_14,355630,5,0.29
HiC_scaffold_13,242046,5,0.29
HiC_scaffold_15,5767273,5,0.69
HiC_scaffold_13,1584095,5,1.11
HiC_scaffold_15,5570686,5,1.11
HiC_scaffold_13,1713016,5,1.22
HiC_scaffold_15,5437448,5,1.22
HiC_scaffold_14,2104117,5,1.22
HiC_scaffold_13,1844648,5,1.35
HiC_scaffold_15,5327396,5,1.35
HiC_scaffold_14,2253665,5,1.35
HiC_scaffold_14,3872890,5,2.22
HiC_scaffold_13,3536761,5,2.22
HiC_scaffold_15,4118481,5,2.22
HiC_scaffold_13,5149593,5,2.85
HiC_scaffold_15,3079918,5,2.85
HiC_scaffold_14,4793541,5,2.85
HiC_scaffold_14,8730765,5,4.03
HiC_scaffold_15,6522381,5,4.03
HiC_scaffold_13,8922499,5,4.03
HiC_scaffold_14,8965293,5,4.17
HiC_scaffold_13,9159328,5,4.17
HiC_scaffold_14,9841829,5,4.64
HiC_scaffold_14,10227017,5,4.96
HiC_scaffold_13,10216036,5,4.96
HiC_scaffold_15,7257652,5,4.96
HiC_scaffold_14,10578293,5,5.24
HiC_scaffold_14,11954101,5,6.46
HiC_scaffold_13,11881904,5,6.46
HiC_scaffold_15,9789349,5,11.31
HiC_scaffold_14,13692860,5,11.31
HiC_scaffold_13,13512411,5,11.31
HiC_scaffold_13,14660289,5,18.46
HiC_scaffold_15,10934307,5,18.46
HiC_scaffold_14,14812861,5,18.46
HiC_scaffold_14,17314749,5,30.12
HiC_scaffold_13,17593781,5,30.12
HiC_scaffold_15,13138867,5,30.12
HiC_scaffold_14,19338277,5,36.17
HiC_scaffold_13,19824535,5,36.17
HiC_scaffold_15,15227938,5,36.17
HiC_scaffold_15,15465635,5,40.33
HiC_scaffold_13,20036297,5,40.33
HiC_scaffold_15,15475843,5,40.33
HiC_scaffold_14,19561322,5,40.33
HiC_scaffold_14,19610573,5,41.31
HiC_scaffold_13,20132848,5,41.31
HiC_scaffold_15,15556159,5,41.31
HiC_scaffold_13,22508162,5,48.31
HiC_scaffold_14,21893198,5,48.31
HiC_scaffold_15,17730955,5,48.31
HiC_scaffold_15,17914565,5,48.95
HiC_scaffold_13,22728102,5,48.95
HiC_scaffold_14,22044170,5,48.95
HiC_scaffold_15,18868968,5,52.49
HiC_scaffold_14,22947002,5,52.49
HiC_scaffold_13,23714502,5,52.49
HiC_scaffold_15,19216329,5,53.44
HiC_scaffold_13,24029605,5,53.44
HiC_scaffold_14,23270505,5,53.44
HiC_scaffold_13,24725671,5,53.91
HiC_scaffold_15,19753781,5,53.91
HiC_scaffold_14,23819917,5,53.91
HiC_scaffold_13,24891926,5,53.91
HiC_scaffold_15,19891579,5,53.91
HiC_scaffold_14,23943141,5,53.91
HiC_scaffold_14,24439638,5,55.78
HiC_scaffold_13,25479126,5,55.78
HiC_scaffold_15,20420188,5,55.78
HiC_scaffold_14,24605678,5,56.4
HiC_scaffold_15,20568525,5,56.4
HiC_scaffold_13,25647029,5,56.4
HiC_scaffold_16,4191666,6,12.01
HiC_scaffold_17,4224265,6,12.01
HiC_scaffold_18,4449659,6,12.01
HiC_scaffold_17,4461885,6,12.88
HiC_scaffold_18,4656125,6,12.88
HiC_scaffold_16,4406180,6,12.88
HiC_scaffold_17,469204,6,0.84
HiC_scaffold_16,510797,6,0.84
HiC_scaffold_18,1179202,6,0.84
HiC_scaffold_18,1061739,6,0.72
HiC_scaffold_16,348259,6,0.72
HiC_scaffold_17,343092,6,0.72
HiC_scaffold_17,149245,6,0.06
HiC_scaffold_18,876057,6,0.06
HiC_scaffold_16,152029,6,0.06
HiC_scaffold_17,4132371,6,11.42
HiC_scaffold_18,4362176,6,11.42
HiC_scaffold_16,4086825,6,11.42
HiC_scaffold_17,2770522,6,8.56
HiC_scaffold_16,2685734,6,8.56
HiC_scaffold_18,3308978,6,8.56
HiC_scaffold_18,3209784,6,8.03
HiC_scaffold_17,2607394,6,8.03
HiC_scaffold_16,2554591,6,8.03
HiC_scaffold_18,2742883,6,6.42
HiC_scaffold_16,2066088,6,6.42
HiC_scaffold_17,2205612,6,6.42
HiC_scaffold_18,1846103,6,5.21
HiC_scaffold_16,1153461,6,5.21
HiC_scaffold_18,5035709,6,15.83
HiC_scaffold_17,5464744,6,15.83
HiC_scaffold_16,5225565,6,15.83
HiC_scaffold_17,6177647,6,16.69
HiC_scaffold_16,5803339,6,16.69
HiC_scaffold_18,5512760,6,16.69
HiC_scaffold_17,7098952,6,20.66
HiC_scaffold_16,6782372,6,20.66
HiC_scaffold_18,6319445,6,20.66
HiC_scaffold_16,7061132,6,21.62
HiC_scaffold_17,7372695,6,21.62
HiC_scaffold_18,6528326,6,21.62
HiC_scaffold_17,7627306,6,21.87
HiC_scaffold_18,6746386,6,21.87
HiC_scaffold_16,7251356,6,21.87
HiC_scaffold_17,7908665,6,22.98
HiC_scaffold_16,7556064,6,22.98
HiC_scaffold_18,7077896,6,22.98
HiC_scaffold_17,8181600,6,23.79
HiC_scaffold_16,7843455,6,23.79
HiC_scaffold_18,7344493,6,23.79
HiC_scaffold_18,7677589,6,24.88
HiC_scaffold_17,8536597,6,24.88
HiC_scaffold_16,8248009,6,24.88
HiC_scaffold_18,8333983,6,27.82
HiC_scaffold_16,8964561,6,27.82
HiC_scaffold_17,9448574,6,27.82
HiC_scaffold_16,9448030,6,29.28
HiC_scaffold_18,8674118,6,29.28
HiC_scaffold_18,9689243,6,41.98
HiC_scaffold_16,10525529,6,41.98
HiC_scaffold_17,10981349,6,41.98
HiC_scaffold_17,11822333,6,44.72
HiC_scaffold_18,10431859,6,44.72
HiC_scaffold_16,11653272,6,44.72
HiC_scaffold_18,12191202,6,46.87
HiC_scaffold_17,13213333,6,46.87
HiC_scaffold_16,13722526,6,46.87
HiC_scaffold_17,15980365,6,51.46
HiC_scaffold_18,15062707,6,51.46
HiC_scaffold_17,19397050,6,55.22
HiC_scaffold_18,19100389,6,55.22
HiC_scaffold_16,19737996,6,55.22
HiC_scaffold_17,19797264,6,55.49
HiC_scaffold_18,19441755,6,55.49
HiC_scaffold_16,20069068,6,55.49
HiC_scaffold_17,20257169,6,55.75
HiC_scaffold_18,19863082,6,55.75
HiC_scaffold_16,20387274,6,55.75
HiC_scaffold_17,20385715,6,55.85
HiC_scaffold_18,20007851,6,55.85
HiC_scaffold_16,20592939,6,55.85
HiC_scaffold_18,20215997,6,56.05
HiC_scaffold_16,20949729,6,56.05
HiC_scaffold_18,21661305,6,58.41
HiC_scaffold_16,22020478,6,58.41
HiC_scaffold_17,21764369,6,58.41
HiC_scaffold_17,22324727,6,58.64
HiC_scaffold_16,22541277,6,58.64
HiC_scaffold_18,23270114,6,59.28
HiC_scaffold_18,22800379,6,60.49
HiC_scaffold_16,23239738,6,60.49
HiC_scaffold_17,23288630,6,60.49
HiC_scaffold_16,24703040,6,66.02
HiC_scaffold_18,24588474,6,66.02
HiC_scaffold_17,24814900,6,66.02
HiC_scaffold_17,25209621,6,67.28
HiC_scaffold_18,24998765,6,67.28
HiC_scaffold_16,25242208,6,67.28
HiC_scaffold_18,27049910,6,80.29
HiC_scaffold_16,27557509,6,80.29
HiC_scaffold_17,27471527,6,80.29
HiC_scaffold_16,27998895,6,82.21
HiC_scaffold_18,27479576,6,82.21
HiC_scaffold_17,27950178,6,82.21
HiC_scaffold_18,27494806,6,82.26
HiC_scaffold_16,28018399,6,82.26
HiC_scaffold_17,27964444,6,82.26
HiC_scaffold_17,28817080,6,84.83
HiC_scaffold_16,29031483,6,84.83
HiC_scaffold_18,28231378,6,84.83
HiC_scaffold_18,28778759,6,86.53
HiC_scaffold_16,29695575,6,86.53
HiC_scaffold_17,29392390,6,86.53
HiC_scaffold_18,29786942,6,88.73
HiC_scaffold_16,30507975,6,88.73
HiC_scaffold_17,30208156,6,88.73
HiC_scaffold_17,30506625,6,89.95
HiC_scaffold_16,30771227,6,89.95
HiC_scaffold_18,30044003,6,89.95
HiC_scaffold_17,31027257,6,93.83
HiC_scaffold_18,30495859,6,93.83
HiC_scaffold_16,31293188,6,93.83
HiC_scaffold_18,30683402,6,96.2
HiC_scaffold_16,31517508,6,96.2
HiC_scaffold_17,32712952,6,99.38
HiC_scaffold_16,32965605,6,99.38
HiC_scaffold_18,31955675,6,99.38
HiC_scaffold_17,33079364,6,99.72
HiC_scaffold_16,33347227,6,99.72
HiC_scaffold_18,32308479,6,99.72
HiC_scaffold_16,34187404,6,100.8
HiC_scaffold_17,33813075,6,100.8
HiC_scaffold_18,33049562,6,100.8
HiC_scaffold_17,34009891,6,101.04
HiC_scaffold_16,34351593,6,101.04
HiC_scaffold_18,33206870,6,101.04
HiC_scaffold_20,639875,7,0
HiC_scaffold_21,18621481,7,19.96
HiC_scaffold_20,17269164,7,33.2
HiC_scaffold_21,19735284,7,33.2
HiC_scaffold_19,18073212,7,33.2
HiC_scaffold_21,19951310,7,34.02
HiC_scaffold_20,17503574,7,34.02
HiC_scaffold_20,20207969,7,42.18
HiC_scaffold_19,21161923,7,42.18
HiC_scaffold_21,22409715,7,42.18
HiC_scaffold_19,22132335,7,45.06
HiC_scaffold_21,23225070,7,45.06
HiC_scaffold_20,21101043,7,45.06
HiC_scaffold_21,24642738,7,54.07
HiC_scaffold_19,23742319,7,54.07
HiC_scaffold_20,22778680,7,54.07
HiC_scaffold_19,24296899,7,56.46
HiC_scaffold_20,23308829,7,56.46
HiC_scaffold_21,25124356,7,56.46
HiC_scaffold_19,25341431,7,59.7
HiC_scaffold_21,25930107,7,59.7
HiC_scaffold_20,24200674,7,59.7
HiC_scaffold_20,24736938,7,61.22
HiC_scaffold_21,26435624,7,61.22
HiC_scaffold_19,25837022,7,61.22
HiC_scaffold_19,26101903,7,64.02
HiC_scaffold_20,24986457,7,64.02
HiC_scaffold_21,26692183,7,64.02
HiC_scaffold_21,27125923,7,67.29
HiC_scaffold_19,26602763,7,67.29
HiC_scaffold_20,25454119,7,67.29
HiC_scaffold_21,27562579,7,67.68
HiC_scaffold_19,27135846,7,67.68
HiC_scaffold_20,25780757,7,67.68
HiC_scaffold_23,262207,8,1.67
HiC_scaffold_22,198837,8,1.67
HiC_scaffold_24,303277,8,1.67
HiC_scaffold_23,1359453,8,4.55
HiC_scaffold_24,1538109,8,4.55
HiC_scaffold_22,1167634,8,4.55
HiC_scaffold_24,4212975,8,15.87
HiC_scaffold_23,3882049,8,15.87
HiC_scaffold_22,3560011,8,15.87
HiC_scaffold_22,4413611,8,17.49
HiC_scaffold_24,5338646,8,17.49
HiC_scaffold_23,4658135,8,17.49
HiC_scaffold_23,13043956,8,29.73
HiC_scaffold_22,11671851,8,29.73
HiC_scaffold_24,11640577,8,29.73
HiC_scaffold_24,13113229,8,33
HiC_scaffold_23,13980297,8,33
HiC_scaffold_23,15944016,8,38.87
HiC_scaffold_24,15031482,8,38.87
HiC_scaffold_22,12982906,8,39.82
HiC_scaffold_24,15682390,8,39.82
HiC_scaffold_23,16592832,8,39.82
HiC_scaffold_24,16492651,8,45.4
HiC_scaffold_22,13905718,8,45.4
HiC_scaffold_24,16943543,8,48.67
HiC_scaffold_22,14450925,8,48.67
HiC_scaffold_24,19419331,8,58.25
HiC_scaffold_22,17320751,8,58.25
HiC_scaffold_23,19612771,8,58.25
HiC_scaffold_24,20192357,8,59.78
HiC_scaffold_24,20556526,8,60.85
HiC_scaffold_22,18030522,8,60.85
HiC_scaffold_24,21719652,8,61.77
HiC_scaffold_23,19974654,8,61.77
HiC_scaffold_22,18906935,8,61.77
HiC_scaffold_22,19819859,8,61.87
HiC_scaffold_24,22165528,8,61.87
HiC_scaffold_22,19739406,8,61.89
HiC_scaffold_24,22257572,8,61.89
HiC_scaffold_23,21483883,8,62.15
HiC_scaffold_24,23303193,8,62.15
HiC_scaffold_22,20902690,8,62.15
HiC_scaffold_23,21787458,8,62.24
HiC_scaffold_22,21280291,8,62.24
HiC_scaffold_24,23608358,8,62.24
HiC_scaffold_22,21429806,8,62.59
HiC_scaffold_24,23769726,8,62.59
HiC_scaffold_23,22935207,8,66.31
HiC_scaffold_22,22622596,8,66.31
HiC_scaffold_24,24983184,8,66.31